,ip_str,domain,sshfp,sshKeys
0,206.12.89.235,computecanada.ca,"['1 2 fc8f533c90db416b2d37dfbef6c76c15d947cbc132458d5533b38746317d95c5', '4 2 24a9f546d3399602c6a8e4da4eb79bedc382864de4993d9e502a036ab2c125a3']","['4 2 f4zgaSW3Io2UCgRrNPmBp835ICrJYZQ8nq5nYHqbguo=', '4 1 x81830FR5S6R+KLMZC4qNhD9AfA=', '3 2 N7OII9Apdrff97UkXhVZ6DLMtjqP8pKNlg9SYW0nqm4=', '3 1 WGJa10w5pHexzy8ubumFcRHYHvs=', '1 2 /QWA8qg/o9AinCddgewr4ACgNYI5W+k59uCd/3Z9/Bg=', '1 1 2m0oonKlu2ZhXHIOj9uQ5LlC0Yk=', '1 2 /QWA8qg/o9AinCddgewr4ACgNYI5W+k59uCd/3Z9/Bg=', '1 1 2m0oonKlu2ZhXHIOj9uQ5LlC0Yk=', '1 2 /QWA8qg/o9AinCddgewr4ACgNYI5W+k59uCd/3Z9/Bg=', '1 1 2m0oonKlu2ZhXHIOj9uQ5LlC0Yk=']"
1,157.245.93.138,capindev.tech,"['4 1 aa0bab3c7c5a5ff369b1d1430176de5bd662d157', '1 1 8f47c25b320cd158c7a44a791bdb452a9feff3d5', '3 1 3047ca12b18d89447832effe2c36b0845c4828d3']","['4 2 Lsixvzfi6CnV1E1RO6wt1w5C5/ffmXclWRMp73nC3c8=', '4 1 qgurPHxaX/NpsdFDAXbeW9Zi0Vc=', '3 2 S47p5NNhyxGC6SaV4llROHEazG7j5NvEsBpOm1Pix78=', '3 1 MEfKErGNiUR4Mu/+LDawhFxIKNM=', '1 2 Pjmk+962C40YKKshVs4P/k5LUGFGtQU8VjM+46RR6tk=', '1 1 j0fCWzIM0VjHpEp5G9tFKp/v89U=', '1 2 Pjmk+962C40YKKshVs4P/k5LUGFGtQU8VjM+46RR6tk=', '1 1 j0fCWzIM0VjHpEp5G9tFKp/v89U=', '1 2 Pjmk+962C40YKKshVs4P/k5LUGFGtQU8VjM+46RR6tk=', '1 1 j0fCWzIM0VjHpEp5G9tFKp/v89U=']"
2,66.70.220.158,usa-validinfos.com,"['2 1 7490dd583b061d3b5f11bbbcfa22d4c480e268d2', '4 1 74796980ac80c16c0c46bef1f1436738ea7333d8', '1 1 967ef6e7f9469ab26d2828b3696ec02e0d451a40', '3 1 6ac26e69ac2ed91b1391a59c4cc5e42ef7536c11']","['4 2 XfA8TfJ3JNm1xy5mlRo1be1V5Jb0Lxbz0C6lGmJNZCU=', '4 1 dHlpgKyAwWwMRr7x8UNnOOpzM9g=', '3 2 o9Sw+g+pMaUYJz6/F9VAQ7dXl6uKvQE6g+3tnx4p2s0=', '3 1 asJuaawu2RsTkaWcTMXkLvdTbBE=', '1 2 ZW9kLibxloZgUNFUZACZgx855kjZ4w4vpr3x/xnT+0s=', '1 1 ln725/lGmrJtKCizaW7ALg1FGkA=', '1 2 ZW9kLibxloZgUNFUZACZgx855kjZ4w4vpr3x/xnT+0s=', '1 1 ln725/lGmrJtKCizaW7ALg1FGkA=']"
3,51.178.186.64,spicycode.eu,"['4 1 41e269aec5e1dba9434454a32768f807fd9f7e7f', '2 1 771f775ff298d25a762650d29d9a1ac2b3f81e2a', '1 1 4e57e03bfc2a932d5357efd232e61aab767a15c9', '3 1 ef6c14ba85aa506f826dc4a3b8ec5d9929a83c3a']","['4 2 FEwvQT6SMaZzpIUpPsqBD+7e7Ojo5Si/5WbR3PJ5Uvc=', '4 1 QeJprsXh26lDRFSjJ2j4B/2ffn8=', '3 2 xpu5bFYVLT+qQ6TtctFT6WKXdseHBewfBzpPdiVTS5Q=', '3 1 72wUuoWqUG+CbcSjuOxdmSmoPDo=', '1 2 vwuG5e2EzFWfJghRcvDCzgzKqeOmsIKdzhiXKE/AV7M=', '1 1 TlfgO/wqky1TV+/SMuYaq3Z6Fck=', '1 2 vwuG5e2EzFWfJghRcvDCzgzKqeOmsIKdzhiXKE/AV7M=', '1 1 TlfgO/wqky1TV+/SMuYaq3Z6Fck=']"
4,217.28.145.209,eu.org,"['2 2 483fec41be7c639bb405e5e68cd15d1b632779bdbc4a2ea1145d3039e64ff570', '3 2 9a13a1c4bede22f86b76f1d4f05625f6b840f1b662bd0c6a13f4665eb3c69cc5', '1 2 dc800284c9b552dcf0ff7385468ce38eac001e511b0e1542705707d070add5d0']","['4 2 CF05DUUJvL3XWkurgTUgeiLDQDc/cINATAOd1YZlSFA=', '4 1 +VmtgbtEiXL0eEFuGAzjx5t0OBY=', '3 2 mbUMf0DSX6jdxvTE0PC201CXGA54BGsAouK+YPYk1XA=', '3 1 O2xn1A02/Xlo5of+Zln3RIMx1rw=', '1 2 4uxcCru3gZj1KARQNwjLZGfX/4hWU8oN107mnxSlnww=', '1 1 ReH7tuTzAMzy/cXNVsk3tnMo5Uk=', '1 2 4uxcCru3gZj1KARQNwjLZGfX/4hWU8oN107mnxSlnww=', '1 1 ReH7tuTzAMzy/cXNVsk3tnMo5Uk=', '1 2 4uxcCru3gZj1KARQNwjLZGfX/4hWU8oN107mnxSlnww=', '1 1 ReH7tuTzAMzy/cXNVsk3tnMo5Uk=']"
5,5.75.140.200,aberrata.net,"['4 2 4e099f961f80bd4efbde250b44cbae29b2442a74358170e616505c029a087935', '1 1 b7f8c9d96b2a49c7dba8ce95b91502e23f57b354', '3 1 6a0d50b77bc40890dd831e7232df23a297df9fc7', '4 1 68b6cc6d1c69f06ed21e38790c6beb8a00ee8fee', '3 2 ee8b382d70fc42f3c7911cdc3fa922545f7bad0c7077677bae8ea1834b7c9629', '1 2 9d55137f46abd8f9792f08ebe6ca6850f08b27d5f6e102fcd30d29a99e4c8fef']","['4 2 G+LPRu9uOGfBqtHDvDFrkjZx2Qx4qgU29sIm5ctGZkA=', '4 1 N8aJSOtwRA2l2BaWs2fwr/692v4=', '3 2 by/3aMXH67yhpdJxPdWZ+EMHiUkr7Les2HzBM18pmzQ=', '3 1 GHYqj2kxZQgUK6REUWlz52rgp2E=', '1 2 OII6II8FwyDtIm7scBsYjFty9MAhdOJ2QVFvfs8m6TM=', '1 1 lHqzuXgxng3G4mQk4WAfzQmZJoo=', '1 2 OII6II8FwyDtIm7scBsYjFty9MAhdOJ2QVFvfs8m6TM=', '1 1 lHqzuXgxng3G4mQk4WAfzQmZJoo=']"
6,144.217.117.231,mta02.net,"['3 1 19f1667e885ce433b10f90e8fd3324937e6b527b', '2 1 990588e17d3323cc0da1683c87cd336d560a9a7b', '1 1 137f2fb8c5e4fc6c12dea4578e4579e0f7dcba8c', '4 1 18c26d0e43656ee8bcbb03f3beadad8b364c59c1']","['3 2 AcvD+x8woSED9yNkphjUp7I9FRt5DR+W+5mykibjwho=', '3 1 GfFmfohc5DOxD5Do/TMkk35rUns=', '1 2 P7QhXrmHo9tOW1LVf7f9or+OV824mmyqhZ7TcRT9zTE=', '1 1 E38vuMXk/GwS3qRXjkV54Pfcuow=', '1 2 P7QhXrmHo9tOW1LVf7f9or+OV824mmyqhZ7TcRT9zTE=', '1 1 E38vuMXk/GwS3qRXjkV54Pfcuow=']"
7,54.39.78.219,infotechnodeals.com,"['3 1 013700abde3cbb1d6945fa457d4930ab7b28867d', '4 1 f094789abcac956b09268cc31a0a4b5aaccc6c56', '2 1 7df904865bc0424e076cf538d4c2a22dda2c9dd3', '1 1 3c61470e2de12ee9140fa712d351a46cbd8e814f']","['4 2 JXOZO542AEYUIjkrcoeW0d3eWSHoSqc2GzeNcGsiNrg=', '4 1 8JR4mryslWsJJozDGgpLWqzMbFY=', '3 2 qufv+qxFnl610i6iDRyzqIpDxjPoyIZXOUeujg4u19U=', '3 1 ATcAq948ux1pRfpFfUkwq3sohn0=', '1 2 40SJnNyo8hhEdBxL+lA12g9mEf3AKE5XcRiX0rpYLno=', '1 1 PGFHDi3hLukUD6cS01GkbL2OgU8=', '1 2 40SJnNyo8hhEdBxL+lA12g9mEf3AKE5XcRiX0rpYLno=', '1 1 PGFHDi3hLukUD6cS01GkbL2OgU8=']"
8,206.12.91.151,computecanada.ca,"['4 2 24a9f546d3399602c6a8e4da4eb79bedc382864de4993d9e502a036ab2c125a3', '1 2 fc8f533c90db416b2d37dfbef6c76c15d947cbc132458d5533b38746317d95c5']","['4 2 hf3AH1MYKXbpd4bd8nOq0NgDlmz2ncz4SnFiJePwroc=', '4 1 gmtwA6XDV5R7uFpDrcJg2cyw66Q=', '3 2 bguaC23byZbVFoNWMVT6NOsMD6QQAtw+saKRmiwGDeY=', '3 1 T/ENt2VRqaayzK2sYKRwh9e9kIg=', '1 2 An14kp/Oc431IkkDBk+tnHPM4fiRpl0aqFEIct322yc=', '1 1 QjcpQ06kgS5CudhUXeAJrSvjPW4=', '1 2 An14kp/Oc431IkkDBk+tnHPM4fiRpl0aqFEIct322yc=', '1 1 QjcpQ06kgS5CudhUXeAJrSvjPW4=']"
9,206.12.101.15,computecanada.ca,"['4 2 24a9f546d3399602c6a8e4da4eb79bedc382864de4993d9e502a036ab2c125a3', '1 2 fc8f533c90db416b2d37dfbef6c76c15d947cbc132458d5533b38746317d95c5']","['4 2 SdJJeBt4Rrt8t1TTlTcpZoOTrJxnolSOyPSyF/0Yrko=', '4 1 JY6SyTLPIB0LCwFHRfyFIL5LnYE=', '3 2 liyUtgI2mMftBUgXgMsaEqT8yJGwyDLeKNCsWetkSJk=', '3 1 INjB/KxN+rkwuc0eo/e9CPveoQ8=', '1 2 tKlp4AjtH8EWDGdsFmA4vCdrm30cBUSo0x3aank2akc=', '1 1 DMLHxW3Yuz9clTrWSlMIVdUWoc4=', '1 2 tKlp4AjtH8EWDGdsFmA4vCdrm30cBUSo0x3aank2akc=', '1 1 DMLHxW3Yuz9clTrWSlMIVdUWoc4=']"
10,194.163.171.76,5wh.info,"['2 1 d0c088d5fcf5adeb9dd6721d56463d051386e30a', '3 1 3b87de4389ef3f9768aec932716c6e147fa452f0', '4 1 c41c1455580bcbd47e0ef77a0b0ed25dcd52a370', '1 1 07e65095f335a99453afdd022731b93a39ee60a9']","['4 2 xTlQ2tqbFCAGjRhRQIFCY8dJuesFCD8EqwUfNaTAPVs=', '4 1 xBwUVVgLy9R+Dvd6Cw7SXc1So3A=', '3 2 OUTAZumo4u1yPhf3zGb620svKhC+w4eJSAQc3dtU9F8=', '3 1 O4feQ4nvP5dorskycWxuFH+kUvA=', '1 2 F4w+0rZ9MD6nQMBKQA2KZw/5qmjkVdAQbOda8IjUSAk=', '1 1 B+ZQlfM1qZRTr90CJzG5OjnuYKk=', '1 2 F4w+0rZ9MD6nQMBKQA2KZw/5qmjkVdAQbOda8IjUSAk=', '1 1 B+ZQlfM1qZRTr90CJzG5OjnuYKk=', '1 2 F4w+0rZ9MD6nQMBKQA2KZw/5qmjkVdAQbOda8IjUSAk=', '1 1 B+ZQlfM1qZRTr90CJzG5OjnuYKk=']"
11,91.232.154.104,kapsi.fi,"['3 1 0cb3a9d1a2560896f78549cba87e3735d10c155f', '2 2 020c27213b5b7f9fb34e944fe556e646c3cf8cfda96aedd79e5d4c1421cf4b11', '2 1 0043570db4ca50fd69fcf7775033440452ac470b', '4 2 4f9905adc16dc086889f16d707964353f7b1b8ea2a8e56362d8303cc51e1ba48', '4 1 9f6ce32eaeeb4c860dd28b1852f8ddfbccf62acd', '3 2 6de2dc560d6de376babcf3ef47bd75b04814a265a8387ca7ed006e48fddba80e', '1 1 f569ae42799cd12f3ab31e31db3e0e5e1e8f36a2', '1 2 a77a81ef7826f26d8b0dfd2908c1684d384703779af6812d6c787f283eb07031']","['3 2 Z0jX4QjG2RGuG7TAMFWFT60ipbF7CFPZGmOjnq1p+aM=', '3 1 Qp7PK89BJlgikN6QFt2qtZ+d+2k=', '1 2 XKHrdqt2+Zb5SdO12DNbohS6W6m6Sl1WcSL8CjIw8t0=', '1 1 VigWvneL00DV54xMHvetBzSR9zE=', '1 2 XKHrdqt2+Zb5SdO12DNbohS6W6m6Sl1WcSL8CjIw8t0=', '1 1 VigWvneL00DV54xMHvetBzSR9zE=', '1 2 XKHrdqt2+Zb5SdO12DNbohS6W6m6Sl1WcSL8CjIw8t0=', '1 1 VigWvneL00DV54xMHvetBzSR9zE=']"
12,83.97.42.17,ping.de,['1 1 60d004451b5d560b4adff8ca4cb1a316c72c7187'],"['3 2 8BaX8m/QP2z1RkntcsYauWmf6Jgnp7SThYrW4uXtb6A=', '3 1 sc9+JE1evVJE2DwrxzTotsXtXlI=']"
13,198.168.184.177,computecanada.ca,"['1 2 fc8f533c90db416b2d37dfbef6c76c15d947cbc132458d5533b38746317d95c5', '4 2 24a9f546d3399602c6a8e4da4eb79bedc382864de4993d9e502a036ab2c125a3']","['4 2 2wJlQNhWLdkJd1HiK8j/uTDi/PYJ0MSiGAJKwcw2ZRk=', '4 1 bMeRm74hDw4cFExs1b8Ufj8XyEM=', '1 2 rnz/d62jN3IXOoNYAMUBSeK/ZACXkOFpeVM2igJIrCQ=', '1 1 XuZ4zbRIcSqYgkZ+765GDgO8yOc=', '1 2 rnz/d62jN3IXOoNYAMUBSeK/ZACXkOFpeVM2igJIrCQ=', '1 1 XuZ4zbRIcSqYgkZ+765GDgO8yOc=']"
14,54.39.13.22,listsourceinfo.com,"['1 1 d3bb9ac412868736c33bafadb77db2bf53b4839e', '4 1 7d25bc40a1ad90e1ef276ce9edd5d6ecff45fa1e', '3 1 15001453bf1a3ffaedee7f3a30030fb1cef66244', '2 1 be003d74f1253a61fb6a17452c7391d9beb9d942']","['4 2 3Xle4aaGCqnZ9LevfXwWQQLdvXzR/tPRLh9/WtgVNV4=', '4 1 fSW8QKGtkOHvJ2zp7dXW7P9F+h4=', '3 2 y/7J7JMK2LfIebXAupgVs3wQM1007INuxdHWIqYOgn4=', '3 1 FQAUU78aP/rt7n86MAMPsc72YkQ=', '1 2 uI3/XF4gJqvRGdwlYesAsrofJWu2bX6yNnJrFKixteA=', '1 1 07uaxBKGhzbDO6+tt32yv1O0g54=', '1 2 uI3/XF4gJqvRGdwlYesAsrofJWu2bX6yNnJrFKixteA=', '1 1 07uaxBKGhzbDO6+tt32yv1O0g54=']"
15,38.87.162.86,lecturify.net,"['1 1 f612f226bae0a4b00302878da5fa1d443e2f95c1', '1 2 dcff44dea83d320f07ad86f006c9518485cafc42a3f7c47bbd93edf9bb7046bc', '2 1 a99d93ac31e774f1219108b344be2d26dd714eb5', '2 2 c23f23490f60ce9d74a5a39fcff466c5eb3b111b4ff1754e047f86c80cbc56ee', '3 1 396c869cee956d467a946e237e61235e781e100a', '3 2 829f90215ca0da38138ad4534107bb8c73f9b8b61f0dd83ec84654033a5ab730', '4 1 029c430e7bf4ddf648c24fc381c0eeb28093fed9', '4 2 2b4366a6e72b1aed3d7081e9a08f18faa346897dc09f72e61e57220550a2d616']","['4 2 qm9kUZ7Jd20fnGAo/uoqGy9GGxQ7eOLj3hANPnqVjkM=', '4 1 VVx4Euh4H6yTzbt86IXH6jC0B70=', '3 2 9yb4NGT4O01rbGAkPT4mCThtaVCRgbPTL4I8Mgqh64U=', '3 1 dOL+rm642c6o1aRGfWxf7yblsH8=', '1 2 q3m1Zx49dIyb632fLhZPYpM8F0mUaeo+Z/3BWCZQDBA=', '1 1 92yNpKkTzuExfvTIB9nhBmijJpA=', '1 2 q3m1Zx49dIyb632fLhZPYpM8F0mUaeo+Z/3BWCZQDBA=', '1 1 92yNpKkTzuExfvTIB9nhBmijJpA=']"
16,5.9.90.147,zertrin.org,"['1 2 1fc43765703c3dc03ad155778da1f0cdbccd0e84977dd31b23fe41df0083baf8', '1 1 7d9eb392dbb53ed8d4ece9d6dd5b637c27f25b94', '4 2 bdbbec986695c68a2033d753e392613168b03b3b8aa1a79b7fbcd58dbf19e50b', '4 1 ed5bde16d5922e6b9a184f159a4fb2bb02c03b7c']","['4 2 vbvsmGaVxoogM9dT45JhMWiwOzuKoaebf7zVjb8Z5Qs=', '4 1 7VveFtWSLmuaGE8Vmk+yuwLAO3w=']"
17,141.95.0.242,grapheneos.org,['4 2 0000000000000000000000000000000000000000000000000000000000000000'],[]
18,66.70.238.17,b2bleadsinfo.com,"['4 1 6a3a5eb90c1d476c9923dbb847a07b7959d7c9ca', '3 1 1870036fc5497b2c83f570ef7f4f31605e0e3910', '2 1 08fec5d917be361f201bef645879741696eb14d0', '1 1 cd9a0dd1af63edc708b2fdab377bae869c88b0cc']","['4 2 qnvLuioWSXTgnYUAFJv4tQx7TnrRhY44OtcWXdbiag8=', '4 1 ajpeuQwdR2yZI9u4R6B7eVnXyco=', '3 2 ctacmLCS7dEz6EWLkrJN8HWrelNCO0qqpcsyeZJzF/k=', '3 1 GHADb8VJeyyD9XDvf08xYF4OORA=', '1 2 JzFW1dV55F9j0uqeJ7OQQwVWke3znIwTmh786ErZCzM=', '1 1 zZoN0a9j7ccIsv2rN3uuhpyIsMw=', '1 2 JzFW1dV55F9j0uqeJ7OQQwVWke3znIwTmh786ErZCzM=', '1 1 zZoN0a9j7ccIsv2rN3uuhpyIsMw=']"
19,206.12.101.232,computecanada.ca,"['1 2 fc8f533c90db416b2d37dfbef6c76c15d947cbc132458d5533b38746317d95c5', '4 2 24a9f546d3399602c6a8e4da4eb79bedc382864de4993d9e502a036ab2c125a3']","['4 2 6GRldm1N/2IX5TtZRnwwc+lEod1wJYZcYiWtrDXLHZc=', '4 1 toNDP8TAPClNmo5Sbokmwo1Per8=', '3 2 Eh4qsaZu9lwGH3Uw2FrxB5nazu7tL1TO6/2arXErbKI=', '3 1 Q7cwr+W8q7mPxVOxu+9AXTAurjU=', '1 2 ovPRYTfR1MO9kdxfcD3wgIVnlrxT4QRZD4mHFzImvI4=', '1 1 xueHfk4nsujRAYyBOlW3uohrhYo=', '1 2 ovPRYTfR1MO9kdxfcD3wgIVnlrxT4QRZD4mHFzImvI4=', '1 1 xueHfk4nsujRAYyBOlW3uohrhYo=']"
20,167.114.206.229,primesolutionsinfo.com,"['3 1 f0b661feae2a25ee1bd7820d99419fcf092626b6', '4 1 0a84aab7eb8cd857cc4710cf8dfbb76a1863017c', '1 1 c616465d8102a8856c258c893df61cc1ad042c44', '2 1 730cd65594361dd6c26460c528367056b48d57cc']","['4 2 zSXv4BEs467t1qRg8CwXO2AoH6mmVAwlpusvn5rq+CQ=', '4 1 CoSqt+uM2FfMRxDPjfu3ahhjAXw=', '3 2 twdU2nkhnOOHz+vBfoSBl5OGiXctIyCLZu9QIymPF0g=', '3 1 8LZh/q4qJe4b14INmUGfzwkmJrY=', '1 2 83INbVA9+ILZ3yBIBspKSGHGjyXcu8ZLfbkZWKGkk7I=', '1 1 xhZGXYECqIVsJYyJPfYcwa0ELEQ=', '1 2 83INbVA9+ILZ3yBIBspKSGHGjyXcu8ZLfbkZWKGkk7I=', '1 1 xhZGXYECqIVsJYyJPfYcwa0ELEQ=', '1 2 83INbVA9+ILZ3yBIBspKSGHGjyXcu8ZLfbkZWKGkk7I=', '1 1 xhZGXYECqIVsJYyJPfYcwa0ELEQ=']"
21,144.91.107.145,goliveict.com,"['4 1 c76263588ec1eee2b56c7f778a291515a818241e', '1 1 57e3b3e4106260884942c3c4965bf901cb3cb924', '3 1 d24e1e303e46ab734bab61de39d618d27ca3001d']","['4 2 QfWqZLtOMUu6Hhn/8zPbJpz5oJ3kc8PZrW6sbo3anWg=', '4 1 x2JjWI7B7uK1bH93iikVFagYJB4=', '3 2 ZD1WKYd79f0rDdIecrSfPHhxFV3sAm0DaWld5p6FCNs=', '3 1 0k4eMD5Gq3NLq2HeOdYY0nyjAB0=', '1 2 IqQK4mGlE7vS801gv0nUkK+9txRDDK+a/nNovM5lpqE=', '1 1 V+Oz5BBiYIhJQsPEllv5Acs8uSQ=', '1 2 IqQK4mGlE7vS801gv0nUkK+9txRDDK+a/nNovM5lpqE=', '1 1 V+Oz5BBiYIhJQsPEllv5Acs8uSQ=', '1 2 IqQK4mGlE7vS801gv0nUkK+9txRDDK+a/nNovM5lpqE=', '1 1 V+Oz5BBiYIhJQsPEllv5Acs8uSQ=']"
22,184.164.147.198,magnificentminds.org,"['1 1 12ef39f5eb645a9344480e641053590860ce6a23', '4 1 d77541a43e76cc97adbf20e5cc922ec73a538bcb', '3 1 25dc6810db9a2f69f960febdebd69928b25d9907']",
23,206.12.95.197,computecanada.ca,"['4 2 24a9f546d3399602c6a8e4da4eb79bedc382864de4993d9e502a036ab2c125a3', '1 2 fc8f533c90db416b2d37dfbef6c76c15d947cbc132458d5533b38746317d95c5']","['4 2 iEmtoZ+Kibew44JseHSFWPedihJ4a7zfxNJKILd8Za4=', '4 1 gn6S+/61JILR07obqhUH1YpF3pQ=', '3 2 amFJJ4QuaOJtJPbXrEuvsYBiyNckuXi51VH0qP7cQnM=', '3 1 SY7kdU7QbxqGbr6Lwki+4lKWHlQ=', '1 2 POCvMJJytSqq9TEl0fjzxh7HneaUdsZvy6abVafVz+Y=', '1 1 2GSd0h2FIYpJa5ZO/Lm3iHVJbAM=', '1 2 POCvMJJytSqq9TEl0fjzxh7HneaUdsZvy6abVafVz+Y=', '1 1 2GSd0h2FIYpJa5ZO/Lm3iHVJbAM=', '1 2 POCvMJJytSqq9TEl0fjzxh7HneaUdsZvy6abVafVz+Y=', '1 1 2GSd0h2FIYpJa5ZO/Lm3iHVJbAM=']"
24,2001:67c:1be8::25:1,kapsi.fi,"['4 1 9f6ce32eaeeb4c860dd28b1852f8ddfbccf62acd', '2 2 020c27213b5b7f9fb34e944fe556e646c3cf8cfda96aedd79e5d4c1421cf4b11', '1 2 a77a81ef7826f26d8b0dfd2908c1684d384703779af6812d6c787f283eb07031', '4 2 4f9905adc16dc086889f16d707964353f7b1b8ea2a8e56362d8303cc51e1ba48', '3 1 0cb3a9d1a2560896f78549cba87e3735d10c155f', '2 1 0043570db4ca50fd69fcf7775033440452ac470b', '1 1 f569ae42799cd12f3ab31e31db3e0e5e1e8f36a2', '3 2 6de2dc560d6de376babcf3ef47bd75b04814a265a8387ca7ed006e48fddba80e']",
25,51.158.68.104,eu.org,"['3 2 9a13a1c4bede22f86b76f1d4f05625f6b840f1b662bd0c6a13f4665eb3c69cc5', '2 2 483fec41be7c639bb405e5e68cd15d1b632779bdbc4a2ea1145d3039e64ff570', '1 2 dc800284c9b552dcf0ff7385468ce38eac001e511b0e1542705707d070add5d0']","['4 2 X8oJ3bLoXVSlwOOKhoJ0zRqobas+7Ek6nZ9l0GzOV/s=', '4 1 CeoqN1nM9c7ujMwpqkRo102UXaA=']"
26,216.244.94.195,purwakartakab.go.id,"['2 1 a9e19c8dd171c80d47f6f034f3f169f33604ba29', '1 1 b04f140589d5aee85f15af1000907f90a4284b40']","['4 2 092k1T8CSjzMhSRwNPWHk5tvJ//vQwvp6BEURFCX9mw=', '4 1 pJkvgT3ncjAdV307vkk2YC35Iik=', '3 2 jdJl7QJxZMt5g2x8uU5l0JlelxDVCR1WWUuLua4BMcU=', '3 1 xJ8d/RRbl9NhJyROHyk/1h9BT4I=', '1 2 F1dYiDwy5F/TAD3TOGltqkRLCO1nfxL8//x59Po46CM=', '1 1 sE8UBYnVruhfFa8QAJB/kKQoS0A=', '1 2 F1dYiDwy5F/TAD3TOGltqkRLCO1nfxL8//x59Po46CM=', '1 1 sE8UBYnVruhfFa8QAJB/kKQoS0A=']"
27,206.12.90.138,computecanada.ca,"['1 2 fc8f533c90db416b2d37dfbef6c76c15d947cbc132458d5533b38746317d95c5', '4 2 24a9f546d3399602c6a8e4da4eb79bedc382864de4993d9e502a036ab2c125a3']","['4 2 nXiNlDISARFcE7tI8nQaV4AM+gpuTGItxMdSdbScToI=', '4 1 STmXWhI+JQS4AVOPgop13dFrf7A=', '3 2 kb0XPV3nbL4cNVxVRHU04MfXeK+L00qBE3xhpkdzzQI=', '3 1 HACR+ZM3K8pPR/Gv6zrbcxVFhYE=', '1 2 rCkpXA3CYUS3X5irELMTNFMdREW80eXsHr92+1aRfbU=', '1 1 ARbYyTBH7kZ/CiCGFt9y6CVxnCE=', '1 2 rCkpXA3CYUS3X5irELMTNFMdREW80eXsHr92+1aRfbU=', '1 1 ARbYyTBH7kZ/CiCGFt9y6CVxnCE=']"
28,91.198.120.1,ytti.fi,"['2 1 31a4f8918ce6238b2f8b5ce05c1aa2f10f03d449', '1 1 d8019783963b42ca00c42cee02eed861e00da0c6']","['4 2 zUWKJUc4xYOPWnpRLU0VugOiv+U+9Vl3kAT0wSLbOiY=', '4 1 vWxwciuRdUrq5GJRF4igWjbCF20=', '1 2 8F02bhJnwEEv6c5vxRY+p2VJTgErlixLmyHU0JEnQ98=', '1 1 YxS4eiSbLOIpdO0KmeH0wwGO19s=', '1 2 8F02bhJnwEEv6c5vxRY+p2VJTgErlixLmyHU0JEnQ98=', '1 1 YxS4eiSbLOIpdO0KmeH0wwGO19s=']"
29,178.32.22.104,hf-services.net,"['1 1 037ef2eb1bd5d459330e84a39f75f9ad31b835cc', '3 1 801963398f7794740359ff5ec99fe56133056884', '4 1 850dd164ee49b3cf5f439852ec1a08ea2fe7f7d2']","['4 2 kJyETRvm9nyF9vmnjF+ZZN59gagEi4ENuXzoLRR01P8=', '4 1 4ybhbMjZQ/k13fXAaN81a6vzyLY=', '3 2 U0HbSMKXkBnm6GupqB26R3d+IfiXNgdkdemit0tIlCw=', '3 1 EJmMEjSNhP65OoMmWC39DnRrkdk=', '1 2 ejr3UHgIox+3Qj8Ax4HAxuq8WtLxTn/UtKFLihJBz20=', '1 1 WL9rUivSTVTKA/CUZWAF/q/2NUs=', '1 2 ejr3UHgIox+3Qj8Ax4HAxuq8WtLxTn/UtKFLihJBz20=', '1 1 WL9rUivSTVTKA/CUZWAF/q/2NUs=', '1 2 ejr3UHgIox+3Qj8Ax4HAxuq8WtLxTn/UtKFLihJBz20=', '1 1 WL9rUivSTVTKA/CUZWAF/q/2NUs=']"
30,206.12.91.155,computecanada.ca,"['1 2 fc8f533c90db416b2d37dfbef6c76c15d947cbc132458d5533b38746317d95c5', '4 2 24a9f546d3399602c6a8e4da4eb79bedc382864de4993d9e502a036ab2c125a3']","['4 2 DgOKHj3VRMoGMnHbfJZG9dIshbvPP95375FNF5tWZQs=', '4 1 rrZOsA2kNo6TFvaaLwK5aenyOnw=', '3 2 NZilUFSZ8ZyiN0/WjfixpiZJSBzCFUdz5LMLVUobMs4=', '3 1 PUo4jRxpq+pLoBioxOahWUtB8q0=', '1 2 TT63r/3qDeCZZRvb0yfbd2R8LsXzh+eeMD4gytHrA5U=', '1 1 xYQu5FU216LgnQvMVGO6ku7ikGw=', '1 2 TT63r/3qDeCZZRvb0yfbd2R8LsXzh+eeMD4gytHrA5U=', '1 1 xYQu5FU216LgnQvMVGO6ku7ikGw=']"
31,142.44.144.47,businesstechnohub.com,"['4 1 9f1bb575e42ab0cd39f28279768c7748c67336ef', '2 1 3864ced3ea4eee4ca0f997acd72a6dcc54f1095a', '1 1 9b108cf9178539be5f0858359cb65467ae043cc6', '3 1 5025df2c394deeb83341602d78f28c84b6ac4cf1']","['4 2 NY0yVw03r6C/JdoUK561lB2hvR8zDCpkFTjZF/13arY=', '4 1 nxu1deQqsM058oJ5dox3SMZzNu8=', '3 2 Uxe49HhSZD8jrB7SrLoX7+kAa5KyzMRJEsTRtzk/pY0=', '3 1 UCXfLDlN7rgzQWAtePKMhLasTPE=', '1 2 jmwuz//4tKJLm4QaljNhmc0e8dkn9gliQsB5EbNSyIM=', '1 1 mxCM+ReFOb5fCFg1nLZUZ64EPMY=', '1 2 jmwuz//4tKJLm4QaljNhmc0e8dkn9gliQsB5EbNSyIM=', '1 1 mxCM+ReFOb5fCFg1nLZUZ64EPMY=']"
32,69.88.201.153,watchcomm.net,"['3 1 5009371318e4f68c8fd5d3f339ac60c1a9a3fdbb', '1 1 d1a19cbb7615aee22ab1c72d055c054cf36677f9', '2 1 b5fba2f5d01abf873526fe055cd11b4fbadbe018', '4 1 5c24f002ea646ac1c3ada42ba460a738eeda62ca']","['4 2 TGLJbQnl9Sb3a6VZ73tVhLw4OMml1k9c2zj/5/e2Rhc=', '4 1 S1n7A+eVq90pZP2SVAWaHbTrRW0=', '1 2 Ofig1x2jgYISPz6cOOXJiEIFgGMemfq9bqa/KFqlgss=', '1 1 7FbgEf0SkPcxYSAzrpuzSpMxCNk=', '1 2 Ofig1x2jgYISPz6cOOXJiEIFgGMemfq9bqa/KFqlgss=', '1 1 7FbgEf0SkPcxYSAzrpuzSpMxCNk=', '1 2 Ofig1x2jgYISPz6cOOXJiEIFgGMemfq9bqa/KFqlgss=', '1 1 7FbgEf0SkPcxYSAzrpuzSpMxCNk=']"
33,37.221.193.45,buttr.de,"['4 2 6229c051df9b6393cb804b5a0485832299ad001903b30dda15e54df6491e2d15', '1 2 1a37e76a49309c62925181a3abb50fe16b6f85517de80a262f4d346a9c384451', '3 2 53f42868ffc391231d1cc3ed5c812048504086d182be8eaaac8c15914df888d2']","['4 2 YinAUd+bY5PLgEtaBIWDIpmtABkDsw3aFeVN9kkeLRU=', '4 1 +hfp0O6wbcaUtkfbJDjH9/IFaNE=', '3 2 U/QoaP/DkSMdHMPtXIEgSFBAhtGCvo6qrIwVkU34iNI=', '3 1 6ytPQaGuUXI4EzUdFuIcAKTVl+M=', '1 2 GjfnakkwnGKSUYGjq7UP4WtvhVF96AomL000apw4RFE=', '1 1 WtRFCsT3qHBL5MONBrcgOCWWkbc=', '1 2 GjfnakkwnGKSUYGjq7UP4WtvhVF96AomL000apw4RFE=', '1 1 WtRFCsT3qHBL5MONBrcgOCWWkbc=']"
34,134.119.178.93,iqqmails.com,"['1 1 44c37765c79294aa53751b50c2d9cd83d8b0fa00', '4 1 0e719b8f3c204d27f879159587c9cf811a39dbab', '3 1 d0dc264afe12cc686e85a7d13ae454ad01b28b0e']","['4 2 PUR/ADkiGONm5rtnuxWVo1o0udVE4VIfA2ut6oN8bH4=', '4 1 DnGbjzwgTSf4eRWVh8nPgRo526s=', '3 2 bE3D9BQhNgUfYWbu55zvIIsn7OWGCo3AQZjghns/92I=', '3 1 0NwmSv4SzGhuhafROuRUrQGyiw4=', '1 2 p4NiS58kegoDm5AW3fV4yvFyWnJtR2oupYfgWzPMEP4=', '1 1 RMN3ZceSlKpTdRtQwtnNg9iw+gA=', '1 2 p4NiS58kegoDm5AW3fV4yvFyWnJtR2oupYfgWzPMEP4=', '1 1 RMN3ZceSlKpTdRtQwtnNg9iw+gA=', '1 2 p4NiS58kegoDm5AW3fV4yvFyWnJtR2oupYfgWzPMEP4=', '1 1 RMN3ZceSlKpTdRtQwtnNg9iw+gA=']"
35,104.130.158.145,opendev.org,"['4 2 c6de2110f23a123691d49e94ea71dc18bd6f7277d7a7f9fc2e76f42389dcab70', '1 1 09f6a01d2175742b257c6b98b7c72c44c4040683', '1 2 4158f281921260b0205508121c6f5cee879e15f22bdbc319ef2ae9fd308db3be', '3 1 91cac088707d2c61d2f0fda132d6f13cae57bcd3', '3 2 65564c015fca69e82e9b9cef35380955720c2345e660c39176782e6706e7fdd0', '4 1 f416a804701190d53b31c5a1efc2f09104c6391b']","['4 2 DaEgecrPNVmYKQdeu1TZahpQr5ZgzRkFrUt8mt106cY=', '4 1 5YFsy+fCNV8w3x6QmZYYuANhdmA=', '3 2 GIGnaSLsDJxq3LnYx8KJ3m+aaecUh1D3/Ljys9K2mAE=', '3 1 6/18pP2oVE1YytHtMJgc1dhzDeA=', '1 2 FJc0cTJc3vwtvTZy41BCNsX8PEOWqfVF8dgXWcrfaOM=', '1 1 0ETWanLU3iM6Fe+rNLR4XfpSliI=', '1 2 FJc0cTJc3vwtvTZy41BCNsX8PEOWqfVF8dgXWcrfaOM=', '1 1 0ETWanLU3iM6Fe+rNLR4XfpSliI=']"
36,146.190.163.5,tritechelectrical.ca,"['4 2 fb40f009bf25039878cbbb33655e99288ff22c5cfaa45b560b6c0a163b603677', '1 2 1276aa17771e8e621a394b6d81c50ce1002c4488ab15fef353505cf0efd1fdc9', '3 2 7d5bbcb98505166c9313b37dd5f31d42f993a1abca08653d618b5793a63b2daf']","['4 2 +0DwCb8lA5h4y7szZV6ZKI/yLFz6pFtWC2wKFjtgNnc=', '4 1 rNojUbJgYjbHbCxK/fMxWd4Zg30=', '3 2 fVu8uYUFFmyTE7N91fMdQvmToavKCGU9YYtXk6Y7La8=', '3 1 XfQBFpcqPG4Z4izL5FXZpGVSRDE=']"
37,89.163.243.173,eu.org,"['1 2 dc800284c9b552dcf0ff7385468ce38eac001e511b0e1542705707d070add5d0', '3 2 9a13a1c4bede22f86b76f1d4f05625f6b840f1b662bd0c6a13f4665eb3c69cc5', '2 2 483fec41be7c639bb405e5e68cd15d1b632779bdbc4a2ea1145d3039e64ff570']","['4 2 JThMEv7EbfwoHg+ynhm2d7t/fPREUF2GX6/+ANPPYyg=', '4 1 g8Lzfzd8mSM5EONg6SYynapc4TY=', '3 2 nEw9ABMYiMGuJay4z8b1v7eQ4er5/+DzsE0DFdFTIrs=', '3 1 qF3Vim5jBiwpzl6UXQkaho0ElJk=', '1 2 0DL8SUyQKWUt+yVgDCSVE6+YxpV8jo2JU9j5ip8YnCg=', '1 1 /2Ux5im890HIrGu03D8rFlXLMvk=', '1 2 0DL8SUyQKWUt+yVgDCSVE6+YxpV8jo2JU9j5ip8YnCg=', '1 1 /2Ux5im890HIrGu03D8rFlXLMvk=', '1 2 0DL8SUyQKWUt+yVgDCSVE6+YxpV8jo2JU9j5ip8YnCg=', '1 1 /2Ux5im890HIrGu03D8rFlXLMvk=']"
38,206.12.101.198,computecanada.ca,"['4 2 24a9f546d3399602c6a8e4da4eb79bedc382864de4993d9e502a036ab2c125a3', '1 2 fc8f533c90db416b2d37dfbef6c76c15d947cbc132458d5533b38746317d95c5']","['4 2 nR81aA26b6x+XPpwT5WPnTsQ7yrHMIweQ7FS6SMzfSY=', '4 1 hmSX1QfgqvpMBG0TTS6uuhsMHS8=', '3 2 w6D/RsXWKsqA8SYr6VqtLx+7JRSyGpS0BUN0cFIwD/8=', '3 1 B5tc+AlWOImOruDftVlST9b1MtQ=', '1 2 eOx/e+FbelLxL0UjhBtJtEM0nJezzihWn7Gc67dFCDE=', '1 1 lxq17P7nFahmGHMm+G8SXchZmTw=', '1 2 eOx/e+FbelLxL0UjhBtJtEM0nJezzihWn7Gc67dFCDE=', '1 1 lxq17P7nFahmGHMm+G8SXchZmTw=']"
39,69.88.211.32,watchcomm.net,"['3 1 5009371318e4f68c8fd5d3f339ac60c1a9a3fdbb', '2 1 b5fba2f5d01abf873526fe055cd11b4fbadbe018', '4 1 5c24f002ea646ac1c3ada42ba460a738eeda62ca', '1 1 d1a19cbb7615aee22ab1c72d055c054cf36677f9']","['1 2 KPpCWTLVUhNvsDt6W0MKQPxPiAh+8TcqeUdjcQs0yaE=', '1 1 uSyGq07hKxL5tgzwcOY353tdN9A=']"
40,67.205.157.184,robinsons.casa,"['4 2 0a30ef6655709886213cd3739587fcdddd8e13bffa18a7cb4928f3c7fd3e18e9', '1 2 847d669a19d7ab4d8fc5d9ba26d0a006ba3deb3e8508273ba129767cf8c2f6e5', '3 2 a58e542a2fee4ea9acf7031e3fc70eed27a109f73d45ba3f17adf26781f3f224']","['4 2 CjDvZlVwmIYhPNNzlYf83d2OE7/6GKfLSSjzx/0+GOk=', '4 1 orwaDmpwuQTdJcrTCkr4WR88YK4=', '3 2 pY5UKi/uTqms9wMeP8cO7SehCfc9Rbo/F63yZ4Hz8iQ=', '3 1 Wj9X/z3ba5pOWei624unEXfZiEE=']"
41,206.12.92.135,computecanada.ca,"['4 2 24a9f546d3399602c6a8e4da4eb79bedc382864de4993d9e502a036ab2c125a3', '1 2 fc8f533c90db416b2d37dfbef6c76c15d947cbc132458d5533b38746317d95c5']","['4 2 lIw33Rb/HAic3yjyN0UDRZfqtjUfX726aEkwqSj4umE=', '4 1 S9lVqSkYY8L465tXewX0FmzyOt4=', '3 2 LqbVM+10xjPjw3I2100mQnkS2BQ8JDs8+jEoyN8b0ak=', '3 1 E5lp4YzyAKxhEvUVRXBzsqGeZ6E=', '1 2 TIoTQiKdIrxRqOwFH/FKcqQEAviRg8mOPbYgmq3KKS4=', '1 1 B94TtLgj872WmXNKXga+x7y6AVA=', '1 2 TIoTQiKdIrxRqOwFH/FKcqQEAviRg8mOPbYgmq3KKS4=', '1 1 B94TtLgj872WmXNKXga+x7y6AVA=', '1 2 TIoTQiKdIrxRqOwFH/FKcqQEAviRg8mOPbYgmq3KKS4=', '1 1 B94TtLgj872WmXNKXga+x7y6AVA=']"
42,87.236.146.56,eu.org,"['1 2 dc800284c9b552dcf0ff7385468ce38eac001e511b0e1542705707d070add5d0', '3 2 9a13a1c4bede22f86b76f1d4f05625f6b840f1b662bd0c6a13f4665eb3c69cc5', '2 2 483fec41be7c639bb405e5e68cd15d1b632779bdbc4a2ea1145d3039e64ff570']","['4 2 mg1QwDjMIrKBvPUcGE3/koPD7keWvX43hGBcKGCQ3do=', '4 1 exxBqLsA2uYG7kqKLHj+3U+Bouk=', '3 2 8Pmos1cnrqe/upt6lhzEBYcnL0Ckwi5nfymlrrDKcFc=', '3 1 mhys+cDSt+N8u4m51AsDHOhBrM8=', '1 2 AJAdm4j4G+BP78XZKWhozssNZ58jNYS0mPeWZt4nmbY=', '1 1 zMrTrqgkBEqiHIniYBvNUYrg7AA=', '1 2 AJAdm4j4G+BP78XZKWhozssNZ58jNYS0mPeWZt4nmbY=', '1 1 zMrTrqgkBEqiHIniYBvNUYrg7AA=']"
43,54.39.92.153,mta06.net,"['3 1 0ca36b1c738721c0494d69d99d35bed830cf5696', '2 1 b7eb4e9c1581db675ca804871765b2f64a31849c', '4 1 bbf71e78c970e8e423522bc4e8f92682bb2a5f5d', '1 1 eefd1bfb9b71c34c39d89510676f9855d31cda7b']","['4 2 CPcSIFoivMtHGLboKivQ8H+wNS0XutcMWX9LUZQe7d4=', '4 1 u/ceeMlw6OQjUivE6PkmgrsqX10=', '3 2 TQSAb5axt2KBoFaDs39hGbTyPos5p6lgpvBuAEO7LwY=', '3 1 DKNrHHOHIcBJTWnZnTW+2DDPVpY=', '1 2 IAqshLcF9rTBkyWq0zDY1Uw2d9IK7qdHRD0cP9N8NRE=', '1 1 7v0b+5txw0w52JUQZ2+YVdMc2ns=', '1 2 IAqshLcF9rTBkyWq0zDY1Uw2d9IK7qdHRD0cP9N8NRE=', '1 1 7v0b+5txw0w52JUQZ2+YVdMc2ns=']"
44,159.69.238.84,casa-due-pur.de,"['4 2 11afa08d70f578ab6f3ba1e355b1b026245cb1326ff03fadfe060b5919e1bf8c', '3 1 3b559b688f903338edfd075d2bac1bacb22118da', '1 1 fbb8e1837c6bc1dc8ff961f3054b29706997e850', '1 2 931c1c66c8d19ef56fa84d2b0ed2c97bd65a5ea15a226783917d438ab55fa1ab', '3 2 d5c7ff4e590ecbb35ed71b8e68066c8cc6acb637d7b23cc458c23e0bc05db58e', '4 1 825e9a09b99c4937c055955d40e893c03368c7c6']","['4 2 46NL1wBYpJ5Ifj4qXDVuhxAwfhsK/ToXCadDQbcjgHE=', '4 1 7NCkj5fh3IUJL1d3RXJSLZr6g8I=', '3 2 6b3GETvG+/O99xF0/T7VAKLlUGG/puLc1f+EPdUokAw=', '3 1 GPozPqEvD9sHRvgsi3EYjGcYei8=', '1 2 d4MUWibNe51aZfHuSPCWlT3X+GfSl+2S4bWRx20IcYw=', '1 1 3cMhfyZoscW+Ls3pgXPH9QtACmY=', '1 2 d4MUWibNe51aZfHuSPCWlT3X+GfSl+2S4bWRx20IcYw=', '1 1 3cMhfyZoscW+Ls3pgXPH9QtACmY=']"
45,206.12.90.245,computecanada.ca,"['4 2 24a9f546d3399602c6a8e4da4eb79bedc382864de4993d9e502a036ab2c125a3', '1 2 fc8f533c90db416b2d37dfbef6c76c15d947cbc132458d5533b38746317d95c5']","['4 2 DYVPtAT5+QaxMKFewoPv8x9TEI47RzzBJESLmvfoZXU=', '4 1 F4IaTmHMgTB1v2bYokUnzI0eAOE=', '3 2 xaTxdR16RCqzN0q2+Fz4hgOfJR+zXgyu7a/lObdc598=', '3 1 E9YWblT6tLwymPH+Nou+zz/98T4=', '1 2 gg4XB6uoR9mBb3g/8QJo/GsQisOQJzQVYgR8PDozra8=', '1 1 StJ4AMHu8mP8Sas0Ko5rSD7LYPQ=', '1 2 gg4XB6uoR9mBb3g/8QJo/GsQisOQJzQVYgR8PDozra8=', '1 1 StJ4AMHu8mP8Sas0Ko5rSD7LYPQ=']"
46,206.12.90.208,computecanada.ca,"['4 2 24a9f546d3399602c6a8e4da4eb79bedc382864de4993d9e502a036ab2c125a3', '1 2 fc8f533c90db416b2d37dfbef6c76c15d947cbc132458d5533b38746317d95c5']","['4 2 gXM4WDpLoOM1DlQMIDqMiogFJqJt7CNKClbU+mIW9hg=', '4 1 pEU3Ri9OmcXZVc0wkcBWdumoGYM=', '3 2 A6LPoS7rEA4y/fnu5i/lVaNUDmm8siuyVbZvXWweGik=', '3 1 y3IHWfE9kRELSnmFo01kaTy000U=', '1 2 h1PgFH+fBew7iYXAytlo8dAZWsGa4Jmkc4+Kb4dbvmY=', '1 1 GwgJOWdvR6M78SUhLB/A1itWGK0=', '1 2 h1PgFH+fBew7iYXAytlo8dAZWsGa4Jmkc4+Kb4dbvmY=', '1 1 GwgJOWdvR6M78SUhLB/A1itWGK0=', '1 2 h1PgFH+fBew7iYXAytlo8dAZWsGa4Jmkc4+Kb4dbvmY=', '1 1 GwgJOWdvR6M78SUhLB/A1itWGK0=']"
47,192.104.234.214,insect.com,"['4 2 fed07f9ab559c3697c807bef291d24325253c8b522434e4ebf0b743679924c2a', '1 2 4bd9982b13adb924795251adbb037d22971fc91a231d53eb559e4a439cc5d24f', '4 1 a86fbf991661b46e0b4611d2a6ef483d135599ce', '1 1 da566b9c5016267ccb2cc4e1f47e3ab318fd74a9', '3 1 26f4339d45d9e54b46841fc0a14a8a5b4f767bbf', '3 2 cdee41697bdfb198c526efa19871d007fa94ce1d0a5331082a032f99e9c24955']","['4 2 fw2jd2rG7rbjAO0UZPFok9rJTt+xLR4h4P0fy3NzJK4=', '4 1 q6r1+8JdnHNKBNF7G/gBdVxEuuE=', '3 2 bKHXmY2KDJuvTOaRrFG3KzkTNN493B7XlMaLjLygfK8=', '3 1 OQiJaxY7N2y4CLiXSHJEhJMWIrw=', '1 2 /zRoAHuN2GiTMbuO6F89Hwi1STf4/GF26XNBhlreGVg=', '1 1 QLXOoSva2A0sLNORK8OJpoAsykU=', '1 2 /zRoAHuN2GiTMbuO6F89Hwi1STf4/GF26XNBhlreGVg=', '1 1 QLXOoSva2A0sLNORK8OJpoAsykU=']"
48,75.119.159.101,ivanamat.es,"['2 1 2e735af2d4bc45ee8c709234031c8e8b11a91d20', '3 1 484a7c85116df18d99ca36e81669e5bcd6aff363', '4 1 49824f2d8cbe2ecae1b80347a7e8e0934fc5c3f7', '1 1 2275cfe84608c77a0aaf9d8b21975752a37d383a']","['4 2 /c0a7OkdAZ1LAL/o5WmGCHRxMhoqqc1IoHqxEL/SCCk=', '4 1 W62G+CVWgEgpM93rRDH1y8STgD4=', '3 2 PK5JRuay4eOYl4z633n5X7WdMvcweHPf/lzTL9cbrYo=', '3 1 DeDKIdZQz6QZDGW0tTZ22W7prGc=', '1 2 BYEYldEwTQpFRfBZxqQBEhjb7M78e6EyotZST6rcXZw=', '1 1 fSdIsNOjXwzs2tTyGnuMIJ4ZkMg=', '1 2 BYEYldEwTQpFRfBZxqQBEhjb7M78e6EyotZST6rcXZw=', '1 1 fSdIsNOjXwzs2tTyGnuMIJ4ZkMg=']"
49,206.12.94.79,computecanada.ca,"['1 2 fc8f533c90db416b2d37dfbef6c76c15d947cbc132458d5533b38746317d95c5', '4 2 24a9f546d3399602c6a8e4da4eb79bedc382864de4993d9e502a036ab2c125a3']","['4 2 kpigdQpP3UE/5BsqeRsONrHFz8kasMQfAv4O/08kJT8=', '4 1 eG3fjgObC/mMVGLzRwTh6s4RNCs=', '3 2 snqULqwrC5ZarreF0gdEkqXKQVmFWMW4dPVwe5IRQ7I=', '3 1 vXIuc856lSKqxQ4XeL3qWDiVR8I=', '1 2 xAUOtIWDUBqLnI5dvn8DJ39skMLpQG3iJDBOYZ84eTw=', '1 1 vwHseSHODW5cggrDmtDpF+iTEnU=', '1 2 xAUOtIWDUBqLnI5dvn8DJ39skMLpQG3iJDBOYZ84eTw=', '1 1 vwHseSHODW5cggrDmtDpF+iTEnU=', '1 2 xAUOtIWDUBqLnI5dvn8DJ39skMLpQG3iJDBOYZ84eTw=', '1 1 vwHseSHODW5cggrDmtDpF+iTEnU=']"
50,206.12.89.206,computecanada.ca,"['4 2 24a9f546d3399602c6a8e4da4eb79bedc382864de4993d9e502a036ab2c125a3', '1 2 fc8f533c90db416b2d37dfbef6c76c15d947cbc132458d5533b38746317d95c5']","['4 2 QtElEndqG6fHJ6X1DxYhLqsAgqfgMpRlO5lFTK7k/JY=', '4 1 UCroPk55N+XwXusAZ3CPxUSuU+A=', '3 2 ZNd3pom4T4MY5JhaZ1nnQOgJU67ZB22ZbeZ0MAtq7bQ=', '3 1 I0OMFpNoioEbT8o87IRAYgQT3Bo=', '1 2 aOERgNp9x+BEKdpQnLiigvmekKOr5OHieaQDXqK6IqM=', '1 1 CBtAbDxqKnkbUTGNEiA3jgwHseU=', '1 2 aOERgNp9x+BEKdpQnLiigvmekKOr5OHieaQDXqK6IqM=', '1 1 CBtAbDxqKnkbUTGNEiA3jgwHseU=', '1 2 aOERgNp9x+BEKdpQnLiigvmekKOr5OHieaQDXqK6IqM=', '1 1 CBtAbDxqKnkbUTGNEiA3jgwHseU=']"
51,206.12.92.230,computecanada.ca,"['4 2 24a9f546d3399602c6a8e4da4eb79bedc382864de4993d9e502a036ab2c125a3', '1 2 fc8f533c90db416b2d37dfbef6c76c15d947cbc132458d5533b38746317d95c5']","['4 2 KM53G2blS1xONribiM7CinRZEcWKSnEacO4mG64AC3M=', '4 1 2LCtmzbDdmgsuJ2nGksAF1E2zm0=', '3 2 maXWujaVpS6OxJvgbXafbrAAoGuziormBwBW1ESDF4A=', '3 1 PswsfVNl87sSCPxCiqLrl1XfZ0w=', '1 2 veFMLw4DQyOAsrP/ox5JgBEqWgyVBSXv72zoE8A9rps=', '1 1 V1UdYKjtJKsGEsO1eK0ewANtLAQ=', '1 2 veFMLw4DQyOAsrP/ox5JgBEqWgyVBSXv72zoE8A9rps=', '1 1 V1UdYKjtJKsGEsO1eK0ewANtLAQ=', '1 2 veFMLw4DQyOAsrP/ox5JgBEqWgyVBSXv72zoE8A9rps=', '1 1 V1UdYKjtJKsGEsO1eK0ewANtLAQ=']"
52,206.12.93.234,computecanada.ca,"['4 2 24a9f546d3399602c6a8e4da4eb79bedc382864de4993d9e502a036ab2c125a3', '1 2 fc8f533c90db416b2d37dfbef6c76c15d947cbc132458d5533b38746317d95c5']","['4 2 tnXQoFnhL110QVhIHvohbnL/j9TFz71Wd7x+2pqKGFI=', '4 1 JpMEhqaWSXSEGEpqYCyT9NP7Bxk=', '3 2 73Yb71dZSr2HRyEH3hah7yXLsKMTQjdhWuOZSm6fQDE=', '3 1 uHO+bol/IEA9sYgblvJxb/q+ofg=', '1 2 EBzDhle9d3ZLFtEDe6G27ZDXeW8Tt3jE/k1j58Tb49c=', '1 1 cOfEVwUiXI+hRTLK99/Z0X28NqM=', '1 2 EBzDhle9d3ZLFtEDe6G27ZDXeW8Tt3jE/k1j58Tb49c=', '1 1 cOfEVwUiXI+hRTLK99/Z0X28NqM=']"
53,206.12.89.236,computecanada.ca,"['1 2 fc8f533c90db416b2d37dfbef6c76c15d947cbc132458d5533b38746317d95c5', '4 2 24a9f546d3399602c6a8e4da4eb79bedc382864de4993d9e502a036ab2c125a3']","['4 2 dMYF6ftONbZKZ7Rl2SKo0TJSTLbx6zVon3g8F5yHdbo=', '4 1 y/sjbKvR3VjTJpka4ZFed/hIIu4=', '3 2 4my25QiKF9Kv4SQLVk6QS1DJJbNDfMXiXRIhhZX6zL8=', '3 1 rUPC9NlhBgm3TI5s0KFy9RO7VKM=', '1 2 m1qD/+l2kgLnqqdRzM5+flzUIQpUMKVFNiAbhCL2Oqs=', '1 1 rfdLNUcAA8BvmTl0H7pkoIjaCFc=', '1 2 m1qD/+l2kgLnqqdRzM5+flzUIQpUMKVFNiAbhCL2Oqs=', '1 1 rfdLNUcAA8BvmTl0H7pkoIjaCFc=', '1 2 m1qD/+l2kgLnqqdRzM5+flzUIQpUMKVFNiAbhCL2Oqs=', '1 1 rfdLNUcAA8BvmTl0H7pkoIjaCFc=']"
54,195.201.94.75,percondigital.com,"['1 1 0f627b83c0a9b72210b1bf01f61e77f241d00fc0', '3 1 2a2e9e18b69aeebc87ffa24c2aae5cdf3f9d0cee', '4 1 0e943c2ce6d9051420be0a69f2186449d9dbf6d6']","['4 2 2LPF46nmYbb3z+J0RlUFCS8CCCWSAvdKpPkG7j4Uqsg=', '4 1 DpQ8LObZBRQgvgpp8hhkSdnb9tY=', '3 2 vi9vpUjTsya4vdgM5eDPpEqNPMHG52wi80w0JFuMB7c=', '3 1 Ki6eGLaa7ryH/6JMKq5c3z+dDO4=', '1 2 dnTabVkY+DkA+W0Sa8hWBcK68O9KB5ijkzyamPf/MpQ=', '1 1 D2J7g8CptyIQsb8B9h538kHQD8A=', '1 2 dnTabVkY+DkA+W0Sa8hWBcK68O9KB5ijkzyamPf/MpQ=', '1 1 D2J7g8CptyIQsb8B9h538kHQD8A=', '1 2 dnTabVkY+DkA+W0Sa8hWBcK68O9KB5ijkzyamPf/MpQ=', '1 1 D2J7g8CptyIQsb8B9h538kHQD8A=']"
55,104.239.145.30,opendev.org,"['1 1 09f6a01d2175742b257c6b98b7c72c44c4040683', '1 2 4158f281921260b0205508121c6f5cee879e15f22bdbc319ef2ae9fd308db3be', '3 1 91cac088707d2c61d2f0fda132d6f13cae57bcd3', '3 2 65564c015fca69e82e9b9cef35380955720c2345e660c39176782e6706e7fdd0', '4 1 f416a804701190d53b31c5a1efc2f09104c6391b', '4 2 c6de2110f23a123691d49e94ea71dc18bd6f7277d7a7f9fc2e76f42389dcab70']","['4 2 RvVOvIGayJ/q2297qwn9TYpHMjlG2xO7OxxBl9OBPLY=', '4 1 rZ3dCBUG5G6MxBLNKPT1lTG6wOY=', '3 2 87I2dnLXTXCt14dZS0mOY6a2lMWQmKBf+hRWon83SEo=', '3 1 +IBkdnjRBVnL9usMKattRCKUVw4=', '1 2 6cGX+NIzp0oGsRLHepZdt5BGoLiHlIYbWDKP3bWguL8=', '1 1 SVW7k5lhKqd08B5vLZsosRw1G78=', '1 2 6cGX+NIzp0oGsRLHepZdt5BGoLiHlIYbWDKP3bWguL8=', '1 1 SVW7k5lhKqd08B5vLZsosRw1G78=']"
56,74.126.32.3,watchcomm.net,"['4 1 5c24f002ea646ac1c3ada42ba460a738eeda62ca', '1 1 d1a19cbb7615aee22ab1c72d055c054cf36677f9', '3 1 5009371318e4f68c8fd5d3f339ac60c1a9a3fdbb', '2 1 b5fba2f5d01abf873526fe055cd11b4fbadbe018']","['4 2 QErJVnPKTAcUedME3f4fD0q+Hnw730N51Pm+4Rr6u0Q=', '4 1 l3w3tbkFTjnBoj78EyrdAKKm6xA=', '3 2 GiYDAiaEMOn6+hHcIrWficWmLA4swu3rY9nZSJVbfVo=', '3 1 9eD1RqdTfIk2yZ3UFqcn0/f5eZY=', '1 2 bZhP8FkU3ogX6ZRnlw+C0KCzUJiufx1bznXIDodh9yc=', '1 1 xltp5GBukr6iu335kRLII7wTMpY=', '1 2 bZhP8FkU3ogX6ZRnlw+C0KCzUJiufx1bznXIDodh9yc=', '1 1 xltp5GBukr6iu335kRLII7wTMpY=']"
57,45.155.121.197,eu.org,"['1 2 dc800284c9b552dcf0ff7385468ce38eac001e511b0e1542705707d070add5d0', '3 2 9a13a1c4bede22f86b76f1d4f05625f6b840f1b662bd0c6a13f4665eb3c69cc5', '2 2 483fec41be7c639bb405e5e68cd15d1b632779bdbc4a2ea1145d3039e64ff570']","['4 2 ccWzDIqqWL9lqOdu2guFFZgNUtqSkl2C0zMDyCSCBhY=', '4 1 AGluOsBQUu+MWTalspVYvhLOjng=', '1 2 zuDp+Z303sB+Btz0DfDnajEgCr8oqe8FHqu8V7tzJSk=', '1 1 BR1E9JTUuiTfgAon810XHUZky3g=', '1 2 zuDp+Z303sB+Btz0DfDnajEgCr8oqe8FHqu8V7tzJSk=', '1 1 BR1E9JTUuiTfgAon810XHUZky3g=']"
58,206.12.89.223,computecanada.ca,"['4 2 24a9f546d3399602c6a8e4da4eb79bedc382864de4993d9e502a036ab2c125a3', '1 2 fc8f533c90db416b2d37dfbef6c76c15d947cbc132458d5533b38746317d95c5']","['4 2 Bj0lsQpXfIT1UCO7IFWN9Hurz4E+1pAg6cHKioNAOXs=', '4 1 ojK2rKZQInGnniAP/ZWl/KMN3Ws=', '3 2 8xgf63UloAhUQ983n4w84WJ8hk6OLYz2t8ZSrAeT3sY=', '3 1 jWYWqg1FcU1vliRNqWaaXMXKnpw=', '1 2 F6GQHlpXCgonAkH3qQRY4aTZMqeX9P9oE0GM324FwFo=', '1 1 fuXuuWGwaNPW0QMsDfVqyb6OEcQ=', '1 2 F6GQHlpXCgonAkH3qQRY4aTZMqeX9P9oE0GM324FwFo=', '1 1 fuXuuWGwaNPW0QMsDfVqyb6OEcQ=', '1 2 F6GQHlpXCgonAkH3qQRY4aTZMqeX9P9oE0GM324FwFo=', '1 1 fuXuuWGwaNPW0QMsDfVqyb6OEcQ=']"
59,198.168.186.163,computecanada.ca,"['4 2 24a9f546d3399602c6a8e4da4eb79bedc382864de4993d9e502a036ab2c125a3', '1 2 fc8f533c90db416b2d37dfbef6c76c15d947cbc132458d5533b38746317d95c5']","['4 2 /p57LiC3gjKfUVNljdNph1saYC8u1zdFeRTuzAExkRI=', '4 1 FjXKCvJ2ZvfLHYpuLY5mv+8bkeQ=', '3 2 kRN68I6LgA3sSl9pUDBWFYaX7kFhtCJC7uy/dSwJzWw=', '3 1 rxKtAKf7ojOuKHTw42qn/OPl67I=', '1 2 rcTOwT2lGvL2+KXWEtf4UtCeROPNzbnPSvQHysJPOFY=', '1 1 76bDXVKh0AuHZ3G2Omx4NXY3uJ0=', '1 2 rcTOwT2lGvL2+KXWEtf4UtCeROPNzbnPSvQHysJPOFY=', '1 1 76bDXVKh0AuHZ3G2Omx4NXY3uJ0=', '1 2 rcTOwT2lGvL2+KXWEtf4UtCeROPNzbnPSvQHysJPOFY=', '1 1 76bDXVKh0AuHZ3G2Omx4NXY3uJ0=']"
60,94.237.120.189,dsgnmail.com,"['1 2 fcf6878102355eef02bb05601ef1bc547670f4b886e19e271c1ea161f8314edf', '3 2 0e3c4e589d81b8ec11c360d93d58313f69475c00b75687dbd28ae496f55b458c', '4 2 f8882eba6ada3bd13eb1d7d087e427a0353323a906307091092a6e5c3d762d00']","['4 2 +IguumraO9E+sdfQh+QnoDUzI6kGMHCRCSpuXD12LQA=', '4 1 h6HH9TQuJDQ6R4aAhFshoxVP5vI=', '3 2 DjxOWJ2BuOwRw2DZPVgxP2lHXAC3Vofb0orklvVbRYw=', '3 1 gRYfUcxtZRkTtKj2AQUWWXtmqCk=']"
